Bee Swarm,Ascidian,Bubbles
0.0,9.109179201483844,5.802492847231789
9.109179201483844,0.0,6.599546620185267
5.802492847231789,6.599546620185267,0.0
