Bee Swarm1,Bee Swarm2,Bee Swarm3,Bee Swarm4,Bee Swarm5,Network_1,Network_2,Network_3
0.0,0.0,0.0,0.0,0.0,4.953121888636367,5.567653229236047,6.870847585052754
0.0,0.0,0.0,0.0,0.0,4.953121888636367,5.567653229236047,6.870847585052754
0.0,0.0,0.0,0.0,0.0,4.953121888636367,5.567653229236047,6.870847585052754
0.0,0.0,0.0,0.0,0.0,4.953121888636367,5.567653229236047,6.870847585052754
0.0,0.0,0.0,0.0,0.0,4.953121888636367,5.567653229236047,6.870847585052754
4.953121888636367,4.953121888636367,4.953121888636367,4.953121888636367,4.953121888636367,0.0,4.000917904467292,5.629034002044262
5.567653229236047,5.567653229236047,5.567653229236047,5.567653229236047,5.567653229236047,4.000917904467292,0.0,6.474593731783488
6.870847585052754,6.870847585052754,6.870847585052754,6.870847585052754,6.870847585052754,5.629034002044262,6.474593731783488,0.0
